id,post_id,user_id,created_at
e286c000-4906-452f-b7e4-eff9297db111,f395cfd6-3d6c-4229-85f9-29b1fbdcd9fc,8fd8e243-fe6c-44c6-9e81-0c62f145e789,2026-07-17T08:00:00Z
8181e9de-7e4e-4d23-a567-b9fe4cf415b8,868c4eda-7d23-4911-8131-1da8704c5785,39709b9b-1e24-42f7-bcaf-b839a3b3fe70,2026-07-24T19:00:00Z
fc4655ff-8e29-41bf-9b74-08a9428ad9cf,77c211aa-1e5b-4f32-a712-8c5ea002ba92,283a0f43-024e-4817-a042-9c0f774953c1,2026-07-31T06:00:00Z
4389ae5a-5390-4c7b-af1f-c3a9e45079c5,77c211aa-1e5b-4f32-a712-8c5ea002ba92,39709b9b-1e24-42f7-bcaf-b839a3b3fe70,2026-06-27T06:00:00Z
c81f03c9-bdeb-459b-88bb-c4c9fa78b82d,36cc9317-ab69-48f9-babd-e70171e6bf4e,5571bf3f-a140-4697-a45b-274709086d4e,2026-06-29T16:00:00Z
ba785799-258a-45aa-8e55-75567692f0ec,2e333d41-91c5-47c5-a0f6-52afc6cfddff,5571bf3f-a140-4697-a45b-274709086d4e,2026-07-18T22:00:00Z
013ac794-e5f6-45db-9319-53dfe8e82aa1,dafe53a4-d273-46ae-8984-bb37f6299187,8fd8e243-fe6c-44c6-9e81-0c62f145e789,2026-08-11T12:00:00Z
4612a0fa-7c4b-4549-99bc-8673bb62d39d,f319ea42-ac87-47be-9b16-cea336c6772f,283a0f43-024e-4817-a042-9c0f774953c1,2026-08-24T18:00:00Z
9696bef7-8d2b-4682-baae-6cee10569fc3,d9de4ef2-cfb6-4a25-b9a0-6142da4a15ec,39709b9b-1e24-42f7-bcaf-b839a3b3fe70,2026-07-05T11:00:00Z
daef0fe5-1681-4f9d-ba4c-57febde39417,a8b5d142-c215-4643-b55e-1d541494add3,2814dc14-61c5-4213-98fd-cc08a9be46bf,2026-09-13T20:00:00Z
