id,user_id,image,caption,item_ids,wearing,hashtags,likes,comments,created_at
a8b5d142-c215-4643-b55e-1d541494add3,8fd8e243-fe6c-44c6-9e81-0c62f145e789,https://example.com/ootd/a9b9e390-7320-4a03-8b84-aa4a45c5ad71.jpg,今天的通勤穿搭，簡約俐落開會去,"[""ac6b115b-55f9-4981-991a-33f57b13cb7d"", ""03bbb5d3-b30a-42fb-9d98-3cbbfb667c26""]","[""高腰西裝褲"", ""寬肩西裝外套""]","[""#休閒"", ""#週末穿搭""]",54,22,2026-08-09T12:00:00Z
d9de4ef2-cfb6-4a25-b9a0-6142da4a15ec,b1198ae5-bf2f-4cec-88be-1b75e19791e7,https://example.com/ootd/412b5901-02fb-421d-ba1e-001dfba60dc2.jpg,約會穿搭分享，粉嫩甜美風,"[""f5fafcdc-eeca-4052-90b3-ccffa60c0b04"", ""b2b6c8e8-8ffc-4727-bc97-61b09e5ca55f""]","[""瑪莉珍鞋"", ""針織開衫""]","[""#上班穿搭"", ""#OOTD""]",279,7,2026-08-05T12:00:00Z
868c4eda-7d23-4911-8131-1da8704c5785,2814dc14-61c5-4213-98fd-cc08a9be46bf,https://example.com/ootd/a472cc85-b838-4ab4-9675-a7f9897d4e59.jpg,極簡日常，白T牛仔褲永遠不敗,"[""e8d6b43c-56c1-4259-8a3e-ddc2b58d4742"", ""fab2250b-026b-42ef-9055-2f433f337469""]","[""基本款白T"", ""直筒牛仔褲""]","[""#秋冬穿搭"", ""#街頭風""]",40,2,2026-06-30T12:00:00Z
dafe53a4-d273-46ae-8984-bb37f6299187,5571bf3f-a140-4697-a45b-274709086d4e,https://example.com/ootd/81f374c7-6e1c-49da-8586-03b594fcb685.jpg,街頭風出動，帽T配工裝褲超舒服,"[""5b8537f9-b14b-4f02-a7cb-3029bdfb7885"", ""47146874-aaa8-4d54-9a76-cc963a2d59a5""]","[""印花帽T"", ""工裝褲""]","[""#休閒"", ""#街頭風""]",56,24,2026-08-18T12:00:00Z
36cc9317-ab69-48f9-babd-e70171e6bf4e,283a0f43-024e-4817-a042-9c0f774953c1,https://example.com/ootd/3aaa268f-d67e-47ac-9bcc-5286b866b524.jpg,秋日風衣造型，優雅又保暖,"[""a8f74d66-5bcc-4ffb-99e5-d5efa854a48f"", ""d3515db5-8617-4bf2-9656-ad11414a9fa4""]","[""珍珠項鍊"", ""風衣外套""]","[""#約會穿搭"", ""#秋冬穿搭""]",186,13,2026-06-29T12:00:00Z
2e333d41-91c5-47c5-a0f6-52afc6cfddff,39709b9b-1e24-42f7-bcaf-b839a3b3fe70,https://example.com/ootd/2d900a40-4400-4869-9c9e-93d3f4a8cf07.jpg,牛仔外套初登場，春秋必備單品,"[""9ba21ca2-f6fb-46cd-87bf-4b9ad5701569""]","[""牛仔外套""]","[""#休閒"", ""#約會穿搭""]",278,15,2026-09-02T12:00:00Z
6776ba83-3228-4dc1-ba87-296a3aad0ebe,8fd8e243-fe6c-44c6-9e81-0c62f145e789,https://example.com/ootd/c20b752d-ec4b-4e97-aa9f-b00fa23e4dad.jpg,週末悠閒穿搭，開衫配百褶裙,"[""ac6b115b-55f9-4981-991a-33f57b13cb7d"", ""ea033b97-eb2a-4aef-9bf2-8af4e7dd7e4d""]","[""高腰西裝褲"", ""真絲襯衫""]","[""#極簡風"", ""#街頭風""]",171,3,2026-08-24T12:00:00Z
f395cfd6-3d6c-4229-85f9-29b1fbdcd9fc,b1198ae5-bf2f-4cec-88be-1b75e19791e7,https://example.com/ootd/d54fed1b-86e4-48c8-a1cd-20cc98ce3599.jpg,球鞋控日常，厚底鞋走起來很有存在感,"[""6e55181e-7846-4a86-8f2e-bae1bfa86905"", ""b2b6c8e8-8ffc-4727-bc97-61b09e5ca55f""]","[""百褶裙"", ""針織開衫""]","[""#週末穿搭"", ""#極簡風""]",38,13,2026-07-12T12:00:00Z
77c211aa-1e5b-4f32-a712-8c5ea002ba92,2814dc14-61c5-4213-98fd-cc08a9be46bf,https://example.com/ootd/2ffc6b4b-b01d-4c0d-acab-d5b2225f8b59.jpg,真絲襯衫搭配西裝褲，質感upgrade,"[""b07825c6-3a23-4c1e-b8ff-ed742ede50d6"", ""fab2250b-026b-42ef-9055-2f433f337469""]","[""帆布托特包"", ""直筒牛仔褲""]","[""#街頭風"", ""#OOTD""]",207,29,2026-09-04T12:00:00Z
f319ea42-ac87-47be-9b16-cea336c6772f,5571bf3f-a140-4697-a45b-274709086d4e,https://example.com/ootd/a27fa1c4-74eb-47e0-a6cd-b9f6cc57737e.jpg,珍珠項鍊點綴，法式優雅一天,"[""47146874-aaa8-4d54-9a76-cc963a2d59a5"", ""5b8537f9-b14b-4f02-a7cb-3029bdfb7885""]","[""工裝褲"", ""印花帽T""]","[""#街頭風"", ""#極簡風""]",224,37,2026-08-02T12:00:00Z
