id,owner_id,name,name_zh,brand,category,shape,primary_color,secondary_color,color_hex,style,season,photo,wear_count,last_worn,purchase_date,favorite,hidden,notes,created_at
03bbb5d3-b30a-42fb-9d98-3cbbfb667c26,8fd8e243-fe6c-44c6-9e81-0c62f145e789,Oversized Blazer,寬肩西裝外套,Zara,Outerwear,Oversized,黑色,白色,#1A1A1A,Smart Casual,秋冬,https://example.com/closet/20830953-1b24-4549-ab9d-117d529c8558.jpg,12,2026-08-13,2026-05-29,true,false,適合開會穿,2026-07-19T12:00:00Z
ac6b115b-55f9-4981-991a-33f57b13cb7d,8fd8e243-fe6c-44c6-9e81-0c62f145e789,High-waist Trousers,高腰西裝褲,Uniqlo,Bottoms,直筒,卡其色,,#C2A878,Casual,四季,https://example.com/closet/77b51ceb-6c6b-4f9f-961a-f87bf80f4928.jpg,20,2026-08-06,2026-03-07,false,false,,2026-05-24T12:00:00Z
ea033b97-eb2a-4aef-9bf2-8af4e7dd7e4d,8fd8e243-fe6c-44c6-9e81-0c62f145e789,Silk Blouse,真絲襯衫,COS,Tops,合身,米白色,,#F1EAD9,Chic,春夏,https://example.com/closet/5fa2b927-1cff-4a72-bcec-0543acf3b698.jpg,8,2026-09-08,2026-05-15,true,false,手洗,2026-01-18T12:00:00Z
6e55181e-7846-4a86-8f2e-bae1bfa86905,b1198ae5-bf2f-4cec-88be-1b75e19791e7,Pleated Skirt,百褶裙,GU,Bottoms,A字裙,粉紅色,,#F4C2C2,Sweet,春夏,https://example.com/closet/dd7001d3-e948-42f8-941f-2230796cada8.jpg,15,2026-09-16,2025-10-19,true,false,約會必備,2026-07-03T12:00:00Z
b2b6c8e8-8ffc-4727-bc97-61b09e5ca55f,b1198ae5-bf2f-4cec-88be-1b75e19791e7,Knit Cardigan,針織開衫,Uniqlo,Tops,寬鬆,米色,白色,#EFE6D8,Casual,秋冬,https://example.com/closet/f6019ae4-7a89-499e-8e61-6bbe64168acd.jpg,9,2026-08-16,2025-12-21,false,false,,2026-07-17T12:00:00Z
f5fafcdc-eeca-4052-90b3-ccffa60c0b04,b1198ae5-bf2f-4cec-88be-1b75e19791e7,Mary Jane Shoes,瑪莉珍鞋,Charles & Keith,Shoes,低跟,黑色,,#0D0D0D,Sweet,四季,https://example.com/closet/59c9a91a-0813-430b-9ec0-d9517b1afab0.jpg,22,2026-09-21,2026-06-08,true,false,走路久會磨腳,2026-05-31T12:00:00Z
e8d6b43c-56c1-4259-8a3e-ddc2b58d4742,2814dc14-61c5-4213-98fd-cc08a9be46bf,Basic White Tee,基本款白T,Uniqlo,Tops,修身,白色,,#FFFFFF,Minimal,四季,https://example.com/closet/07a6dfec-e3b8-4831-ae79-9e47c89a20b1.jpg,40,2026-09-08,2025-11-09,false,false,百搭必備,2026-02-21T12:00:00Z
fab2250b-026b-42ef-9055-2f433f337469,2814dc14-61c5-4213-98fd-cc08a9be46bf,Straight Jeans,直筒牛仔褲,Levi's,Bottoms,直筒,藍色,,#3B5998,Minimal,四季,https://example.com/closet/62a9da39-58da-423a-a514-3e65e5372ae1.jpg,35,2026-09-21,2025-10-11,true,false,,2026-06-05T12:00:00Z
b07825c6-3a23-4c1e-b8ff-ed742ede50d6,2814dc14-61c5-4213-98fd-cc08a9be46bf,Canvas Tote Bag,帆布托特包,無印良品,Accessories,大容量,米色,,#E8DFCB,Minimal,四季,https://example.com/closet/bf2de592-8f02-4169-9dda-fed2837c5bda.jpg,18,2026-08-08,2025-08-27,false,false,,2026-01-27T12:00:00Z
5b8537f9-b14b-4f02-a7cb-3029bdfb7885,5571bf3f-a140-4697-a45b-274709086d4e,Graphic Hoodie,印花帽T,Supreme,Tops,寬鬆,灰色,紅色,#8C8C8C,Streetwear,秋冬,https://example.com/closet/4dcf2b30-91c0-4084-b4ec-6df6839950c6.jpg,25,2026-08-19,2025-12-23,true,false,限量款,2026-05-30T12:00:00Z
47146874-aaa8-4d54-9a76-cc963a2d59a5,5571bf3f-a140-4697-a45b-274709086d4e,Cargo Pants,工裝褲,Nike,Bottoms,寬版,軍綠色,,#4B5320,Streetwear,四季,https://example.com/closet/43e855fe-a231-4ecd-8039-1b9ae76c953f.jpg,30,2026-08-25,2025-09-27,true,false,,2026-05-15T12:00:00Z
c8220154-4226-43ab-b6f1-fea2d1cb570a,5571bf3f-a140-4697-a45b-274709086d4e,Chunky Sneakers,厚底球鞋,New Balance,Shoes,厚底,白色,灰色,#D9D9D9,Streetwear,四季,https://example.com/closet/00faec7f-f036-4f29-b5f1-06aa4e3627d8.jpg,45,2026-08-02,2026-07-22,true,false,收藏款之一,2026-01-12T12:00:00Z
d3515db5-8617-4bf2-9656-ad11414a9fa4,283a0f43-024e-4817-a042-9c0f774953c1,Trench Coat,風衣外套,Burberry,Outerwear,及膝,卡其色,,#B08D57,Elegant,秋冬,https://example.com/closet/eb6fa2ac-3f56-4229-96ec-2ce5cb2c4cc0.jpg,6,2026-08-02,2026-05-05,true,false,傳家寶等級,2026-01-28T12:00:00Z
a8f74d66-5bcc-4ffb-99e5-d5efa854a48f,283a0f43-024e-4817-a042-9c0f774953c1,Pearl Necklace,珍珠項鍊,Agmes,Accessories,短鍊,白色,,#FFFFF0,Elegant,四季,https://example.com/closet/7ce48a3c-2d2b-4061-a7f2-9c62ae09c99e.jpg,10,2026-08-26,2026-02-01,false,false,,2026-05-15T12:00:00Z
9ba21ca2-f6fb-46cd-87bf-4b9ad5701569,39709b9b-1e24-42f7-bcaf-b839a3b3fe70,Denim Jacket,牛仔外套,GAP,Outerwear,合身,淺藍色,,#A9C6E8,Casual,春秋,https://example.com/closet/8200bb2a-6b01-42de-a082-918780194ad8.jpg,3,2026-09-13,2026-04-06,false,false,剛買不久,2026-01-11T12:00:00Z
