id,user_id,text,meta,read,created_at
b22f9a57-dab7-4605-a8c0-66c738ffba28,8fd8e243-fe6c-44c6-9e81-0c62f145e789,有人喜歡了你的 OOTD 貼文,"{""type"": ""post"", ""ref_id"": ""a8b5d142-c215-4643-b55e-1d541494add3""}",true,2026-09-16T07:00:00Z
3f1e4571-f878-4391-bb04-c613c0ab7f51,b1198ae5-bf2f-4cec-88be-1b75e19791e7,你的求救貼文收到新的穿搭建議,,false,2026-09-07T21:00:00Z
63c7e3eb-744a-4cb3-be3a-12a840d7966e,2814dc14-61c5-4213-98fd-cc08a9be46bf,有人收藏了你的貼文,"{""type"": ""post"", ""ref_id"": ""dafe53a4-d273-46ae-8984-bb37f6299187""}",false,2026-09-22T07:00:00Z
155dd80d-0f1b-4e2d-9504-0408fec8256d,5571bf3f-a140-4697-a45b-274709086d4e,你的建議被採納了！獲得愛心 +1,,false,2026-09-23T00:00:00Z
a5e970e0-56ed-4c28-9de5-51988b223359,283a0f43-024e-4817-a042-9c0f774953c1,有新的衣友追蹤你的公開衣櫥,"{""type"": ""post"", ""ref_id"": ""36cc9317-ab69-48f9-babd-e70171e6bf4e""}",false,2026-09-13T23:00:00Z
5bc31529-d661-4241-9630-a372987a0350,39709b9b-1e24-42f7-bcaf-b839a3b3fe70,你的貼文登上熱門推薦,,false,2026-09-19T06:00:00Z
8a560eb9-a1b1-49bf-a345-5b382da707e6,8fd8e243-fe6c-44c6-9e81-0c62f145e789,有人在求救貼文中標註了你的建議,"{""type"": ""post"", ""ref_id"": ""36cc9317-ab69-48f9-babd-e70171e6bf4e""}",true,2026-09-21T18:00:00Z
2dc8ad60-9082-4366-9a4c-8b954300377b,b1198ae5-bf2f-4cec-88be-1b75e19791e7,系統提醒：你有 3 件單品超過 60 天沒穿囉,,true,2026-09-13T11:00:00Z
b33de2da-f8b3-4b25-a064-461548478a77,2814dc14-61c5-4213-98fd-cc08a9be46bf,衣友回覆了你的求救貼文,"{""type"": ""post"", ""ref_id"": ""a8b5d142-c215-4643-b55e-1d541494add3""}",false,2026-09-06T20:00:00Z
703d349a-fd1b-4ba2-be0b-cf21239effa3,5571bf3f-a140-4697-a45b-274709086d4e,歡迎加入穿搭社群，快去逛逛 OOTD 牆吧！,,true,2026-09-21T20:00:00Z
